Workbook

Sheet machines
A1: machine | B1: type | C1: power_kw | D1: hours | E1: temp_c | F1: daily_kwh | G1: yearly_cost_eur | H1: status | I1: price_eur_kwh | J1: repair_cost | K1: machine | L1: repair_cost
A2: Compressor A | B2: compressor | C2: 7.5 | D2: 8 | E2: 95 | F2: =C2*D2 -> 60 | G2: =F2*365*$I$2 -> 7665 | H2: =IF(E2>90, "Overheating", "Ok") -> Overheating | I2: 0.35 | J2: =_xlfn.XLOOKUP(A2, $K$2:$K$7, $L$2:$L$7,0) -> 1070 | K2: Oven J | L2: 680
A3: Pump B | B3: pump | C3: 1.5 | D3: 10 | E3: 60 | F3: =C3*D3 -> 15 | G3: =F3*365*$I$2 -> 1916.25 | H3: =IF(E3>90, "Overheating", "Ok") -> Ok | J3: =_xlfn.XLOOKUP(A3, $K$2:$K$7, $L$2:$L$7,0) -> 0 | K3: Chiller F | L3: 900
A4: Fan C | B4: fan | C4: 0.1 | D4: 5 | E4: 20 | F4: =C4*D4 -> 0.5 | G4: =F4*365*$I$2 -> 63.875 | H4: =IF(E4>90, "Overheating", "Ok") -> Ok | J4: =_xlfn.XLOOKUP(A4, $K$2:$K$7, $L$2:$L$7,0) -> 0 | K4: Compressor A | L4: 1070
A5: Drill D | B5: drill | C5: 0.5 | D5: 8 | E5: 50 | F5: =C5*D5 -> 4 | G5: =F5*365*$I$2 -> 511 | H5: =IF(E5>90, "Overheating", "Ok") -> Ok | J5: =_xlfn.XLOOKUP(A5, $K$2:$K$7, $L$2:$L$7,0) -> 0 | K5: Fan H | L5: 90
A6: Oven E | B6: oven | C6: 4 | D6: 6 | E6: 88 | F6: =C6*D6 -> 24 | G6: =F6*365*$I$2 -> 3066 | H6: =IF(E6>90, "Overheating", "Ok") -> Ok | J6: =_xlfn.XLOOKUP(A6, $K$2:$K$7, $L$2:$L$7,0) -> 0 | K6: Compressor I | L6: 540
A7: Chiller F | B7: chiller | C7: 3.2 | D7: 12 | E7: 92 | F7: =C7*D7 -> 38.4 | G7: =F7*365*$I$2 -> 4905.6 | H7: =IF(E7>90, "Overheating", "Ok") -> Overheating | J7: =_xlfn.XLOOKUP(A7, $K$2:$K$7, $L$2:$L$7,0) -> 900 | K7: Pump G | L7: 210
A8: Pump G | B8: pump | C8: 2.2 | D8: 16 | E8: 71 | F8: =C8*D8 -> 35.2 | G8: =F8*365*$I$2 -> 4496.8 | H8: =IF(E8>90, "Overheating", "Ok") -> Ok | J8: =_xlfn.XLOOKUP(A8, $K$2:$K$7, $L$2:$L$7,0) -> 210
A9: Fan H | B9: fan | C9: 0.3 | D9: 24 | E9: 35 | F9: =C9*D9 -> 7.2 | G9: =F9*365*$I$2 -> 919.8 | H9: =IF(E9>90, "Overheating", "Ok") -> Ok | J9: =_xlfn.XLOOKUP(A9, $K$2:$K$7, $L$2:$L$7,0) -> 90
A10: Compressor I | B10: compressor | C10: 5.5 | D10: 10 | E10: 83 | F10: =C10*D10 -> 55 | G10: =F10*365*$I$2 -> 7026.25 | H10: =IF(E10>90, "Overheating", "Ok") -> Ok | J10: =_xlfn.XLOOKUP(A10, $K$2:$K$7, $L$2:$L$7,0) -> 540
A11: Oven J | B11: oven | C11: 6 | D11: 4 | E11: 97 | F11: =C11*D11 -> 24 | G11: =F11*365*$I$2 -> 3066 | H11: =IF(E11>90, "Overheating", "Ok") -> Overheating | J11: =_xlfn.XLOOKUP(A11, $K$2:$K$7, $L$2:$L$7,0) -> 680
A13: Total yearly cost | B13: =SUM(G2:G11) -> 33636.575
A14: Average temp | B14: =AVERAGE(E2:E11) -> 69.1
A15: Median temp | B15: =MEDIAN(E2:E11) -> 77
A16: Max temp | B16: =MAX(E2:E11) -> 97
A17: Min temp | B17: =MIN(E2:E11) -> 20
A18: Overheating machines | B18: =COUNTIF(H2:H11, "Overheating") -> 3
A19: Overheating cost | B19: =SUMIF(H2:H11, "Overheating", G2:G11) -> 15636.6
A20: Overheating share | B20: =B19/B13% -> 46.486897

Sheet pivot sheet
A3: Row Labels | B3: Sum of yearly_cost_eur | C3: share
A4: compressor | B4: 14691.25 | C4: =B4/$B$10 -> 0.43676415
A5: pump | B5: 6413.05 | C5: =B5/$B$10 -> 0.19065705
A6: oven | B6: 6132 | C6: =B6/$B$10 -> 0.18230156
A7: chiller | B7: 4905.6 | C7: =B7/$B$10 -> 0.14584125
A8: fan | B8: 983.675 | C8: =B8/$B$10 -> 0.029244208
A9: drill | B9: 511 | C9: =B9/$B$10 -> 0.015191796
A10: Grand Total | B10: 33636.575 | C10: =B10/$B$10 -> 1

Sheet Dashboard
A1: Factory Energy & Maintenance Dashboard
A3: yearly energy cost (EUR) | B3: Overheating machines | C3: Overheating share of cost | D3: Total repair cost (EUR) | E3: Machines never repaired
A4: =SUM(machines!G2:G11) -> 33636.575 | B4: =COUNTIF(machines!H2:H11, "Overheating") -> 3 | C4: =SUMIF(machines!H2:H11, "Overheating", machines!G2:G11)/A4 -> 0.46486897 | D4: =SUM(machines!J2:J11) -> 3490 | E4: =COUNTIF(machines!J2:J11,0) -> 4
